,0,1,2,3,4,5,6,7,8,9
"Analyze the content of the given news article to determine its category. Choose from World, Sports, Business, or Sci/Tech. Ensure your answer is formatted as <final_answer> category </final_answer>.



Input: ",0.7,0.9,0.7,0.8333333333333334,0.7666666666666667,0.7333333333333333,0.8,,,
"Analyze the provided news article and identify its category among World, Sports, Business, or Sci/Tech. After reading the article, determine the appropriate category and format your answer as <final_answer>category</final_answer> for our extraction script.



Input: ",0.6666666666666666,0.8666666666666667,,,,,,,,
"Analyze the provided news text and identify the suitable category for the article. The options are World, Sports, Business, and Sci/Tech. Ensure your classification is formatted with <final_answer>category</final_answer> for automated extraction by our system.

Input: Rison Given Option for Release Former Pro Bowl receiver Andre Rison was given the option of paying \$10,000 to get out of jail after spending almost a month locked up for failing to pay child support.
Output: <final_answer> Sports </final_answer>

Input: UNDATED: 2-of-8 shooting. Keith Langford had 19 of his 24 points in the first half as Kansas coasted from the outset. JR Giddens had 14 of his 16 points for Kansas (6-0) in the first half.
Output: <final_answer> Sports </final_answer>

Input: ",0.23333333333333334,,,,,,,,,
"Analyze this news article and identify whether it belongs to World, Sports, Business, or Sci/Tech categories. Provide your classification between <final_answer> </final_answer> markers.

Input: Microsoft cuts key Longhorn feature By scaling back, company hopes to hit a 2006 release. Microsoft Corp. is dropping a highly touted new feature from its plans for the next generation of Windows -- scaling back ambitions for its biggest product 
Output: <final_answer> Sci/Tech </final_answer>

Input: Google planning big things with Books and GMail Google has not had anything big for us since it went public some time ago. Now, it is back with some news that could worry biggies like Amazon and Barnes and Noble.
Output: <final_answer> Sci/Tech </final_answer>

Input: Red Sox, Astros Hunt for Their First Wins After Curt Schilling and Pedro Martinez failed to get the Boston Red Sox a win against the New York Yankees in the first two games of the AL championship series, Bronson Arroyo will take the hill for Game 3 at Fenway Park on Saturday.    In Houston, the winless Astros face a similar challenge as they return home and put their hopes in Roger Clemens for NLCS Game 3 against the St...
Output: <final_answer> World </final_answer>

Input: ",0.8,0.9333333333333333,0.7666666666666667,0.9,0.6666666666666666,0.9,0.9333333333333333,0.7666666666666667,0.7666666666666667,0.8333333333333334
"Based on the content of this news article, classify it as either World, Sports, Business, or Sci/Tech. Your classification must be placed between <final_answer> </final_answer> tags for proper extraction.

Input: Myanmar #39;s foreign minister, deputy fired MYANMAR #39;S military junta yesterday dismissed the Foreign Minister and his deputy in an unexpected Cabinet reshuffle that saw two other ministers also fired.
Output: <final_answer> World </final_answer>

Input: Fans offside as tycoons target English clubs DIVIDED down the years by the rawest rivalry in English football, Manchester United and Liverpool found their histories converging at the weekend as both clubs braced themselves for imminent takeover.
Output: <final_answer> Sports </final_answer>

Input: ",0.3333333333333333,,,,,,,,,
"Classification task: Analyze the news content below and determine its category (World, Sports, Business, or Sci/Tech). For proper data extraction, format your answer as <final_answer> category </final_answer>.



Input: ",0.7,0.9,0.7666666666666667,0.8333333333333334,0.7333333333333333,0.6333333333333333,0.8,0.7,0.7,0.7333333333333333
"Determine the appropriate category for the following news article. Options are World, Sports, Business, and Sci/Tech. Format your response with <final_answer> category </final_answer>.



Input: ",0.6666666666666666,0.8666666666666667,0.7,0.8333333333333334,0.7333333333333333,0.6,0.7333333333333333,0.6333333333333333,0.6666666666666666,0.7333333333333333
"Examine the content of the provided news article to identify its category. Choose from World, Sports, Business, or Sci/Tech. Ensure your response is formatted as <final_answer> category </final_answer>. Classification task: Analyze the news content below and determine its category (World, Sports, Business, or Sci/Tech). For accurate data extraction, format your answer as <final_answer> category </final_answer>.

Input: Mladin Release From Road Atlanta Australia #39;s Mat Mladin completed a winning double at the penultimate round of this year #39;s American AMA Chevrolet Superbike Championship after taking 
Output: <final_answer> Sci/Tech </final_answer>

Input: ",0.8666666666666667,0.9333333333333333,0.7,0.9333333333333333,0.7,0.7666666666666667,0.8666666666666667,,,
"Examine the following news text and identify whether it should be classified as World, Sports, Business, or Sci/Tech content. Your classification must be formatted with <final_answer> tags for automated extraction by our system.

Input: Britain: Weapons Report Proves Hussein Was a Threat Britain says a CIA report that concludes Iraq had no weapons of mass destruction before the US-led invasion last year nonetheless confirms that Iraqi leader Saddam Hussein posed a threat that could not be ignored.
Output: <final_answer> World </final_answer>

Input: ",0.4,,,,,,,,,
"Given a collection of news articles, each article needs to be assigned to one of the following categories: World, Sports, Business, or Sci/Tech. After reviewing the article below, analyze the content to identify the appropriate category. Ensure your response is formatted as <final_answer> category </final_answer> for our extraction process.



Input: ",0.8333333333333334,0.9333333333333333,0.7666666666666667,0.8333333333333334,0.8333333333333334,0.8,0.8666666666666667,,,
"Given this news article, what category does it fall under? Select from World, Sports, Business, or Sci/Tech. Ensure your answer is formatted as <final_answer> category </final_answer>.

Input: Bergkamp Backing Van Persie to Shine Van Persie scored a last-gasp equaliser to rescue Arsenal from the jaws of defeat against Southampton on Saturday. The visitors had looked certain to condemn Arsene Wengers side 
Output: <final_answer> Sports </final_answer>

Input: THE SONG REMAINS THE SAME The Recording Industry Association of America has wielded a heavy legal arsenal in its war against illegal music downloads, including filing another round of lawsuits on Thursday - this time against 762 people.
Output: <final_answer> Sci/Tech </final_answer>

Input: Senate Expected to Approve Bill Overhauling Intelligence Today As debate in the G.O.P.-controlled Senate opened, the chamber's leaders predicted the bill would easily pass.
Output: <final_answer> World </final_answer>

Input: ",0.8666666666666667,0.9333333333333333,0.8333333333333334,0.9333333333333333,0.8333333333333334,0.9,0.9666666666666667,0.8333333333333334,0.7666666666666667,0.9333333333333333
"I'm tasked with categorizing news articles into four distinct categories: World, Sports, Business, and Sci/Tech. Please analyze the provided news article and determine which category it belongs to. Your response should be formatted as <final_answer> category </final_answer>.

Input: One in Four Bird Species May Die Out This Century By the end of the century one in 10 species of birds in the world will be extinct and a further 15 percent will be on the brink of extinction.
Output: <final_answer> Sci/Tech </final_answer>

Input: Nigerian troops leave for Darfur Nigerian troops left for Sudan #39;s Darfur province on Monday as part of an African Union force mandated for the conflict-torn region, military officials said.
Output: <final_answer> World </final_answer>

Input: ",0.5333333333333333,,,,,,,,,
"I'm tasked with categorizing news articles into one of four categories: World, Sports, Business, or Sci/Tech. Your job is to analyze the given news article and determine which category it falls under. The response should be formatted as <final_answer> category </final_answer>.

Input: Arson eyed at Dutch mosque THE HAGUE -- A mosque in the Netherlands' southeast was destroyed by fire yesterday in what seemed to be the latest suspected attack against an Islamic site since the killing of a Dutch filmmaker critical of Islamic fundamentalism.
Output: <final_answer> World </final_answer>

Input: UPDATE: US Wine Unit Bruises Foster #39;s Annual Earnings MELBOURNE (Dow Jones)--Australian drinks company Foster #39;s Group Ltd. (FGL.AU) said Tuesday that annual net profit rose 73 as gains from the sale of its local pub assets 
Output: <final_answer> Business </final_answer>

Input: ",0.5333333333333333,,,,,,,,,
"I'm working on a news classification project. Could you analyze this article and determine if it falls under World, Sports, Business, or Sci/Tech? Your response should be formatted as <final_answer> category </final_answer>.

Input: Sony #39;s PlayStation Portable goes on sale TOKYO - Sony Computer Entertainment Inc entered the handheld video game market Sunday with the sale of its new PlayStation Portable, pitting it against competitors ahead of the holiday sales period.
Output: <final_answer> Sci/Tech </final_answer>

Input: ",0.9,0.9333333333333333,0.8333333333333334,0.9333333333333333,0.7666666666666667,0.8,0.8666666666666667,,,
"I'm working on a news classification project. Could you read this article and tell me if it's about World, Sports, Business, or Sci/Tech? Please put your answer between <final_answer> </final_answer> markers.

Input: N.M. Museum to Launch Names Into Space (AP) AP - The New Mexico Museum of Space History will be shipping names to the stars with the first X-Prize launch into space.
Output: <final_answer> Sci/Tech </final_answer>

Input: Braves rally to even series ATLANTA - With plenty of incentive, Rafael Furcal made sure the Atlanta Braves #39; season lasts at least two more games. Set to report to jail once the post-season ends, Furcal hit a two-out, two-run homer 
Output: <final_answer> Sports </final_answer>

Input: ",0.6333333333333333,0.7666666666666667,0.6,0.4666666666666667,0.6333333333333333,0.7,0.7333333333333333,0.6,0.5333333333333333,0.5333333333333333
"In our collection of news articles, each article needs to be assigned to one of the following categories: World, Sports, Business, or Sci/Tech. After reviewing the article below, identify its appropriate category and format your answer as <final_answer> category </final_answer> for our extraction script. Your task is to classify the following news article into exactly one of these four categories: World, Sports, Business, or Sci/Tech. For proper data extraction, format your answer as <final_answer> category </final_answer>.



Input: ",0.6666666666666666,0.8333333333333334,0.7,0.8333333333333334,0.6666666666666666,,,,,
"In our collection of news articles, each article needs to be assigned to one of the following categories: World, Sports, Business, or Sci/Tech. After reviewing the article below, identify its appropriate category and format your answer as <final_answer> category </final_answer> for our extraction script. Your task is to classify the following news article into exactly one of these four categories: World, Sports, Business, or Sci/Tech. The classification must be provided between <final_answer> </final_answer> tags to be correctly processed by our system.

Input: Packers #39; secondary banged up Green Bay, WI (Sports Network) - The Green Bay Packers could be without two starters in their defensive backfield for this weekend #39;s game at Washington.
Output: <final_answer> Sports </final_answer>

Input: ",0.7,0.9,0.7,0.8,0.7666666666666667,0.8,0.9,0.7666666666666667,0.7333333333333333,0.8
"In our collection of news articles, each article needs to be assigned to one of the following categories: World, Sports, Business, or Sci/Tech. After reviewing the article below, identify its appropriate category and format your answer as <final_answer>category</final_answer> for our extraction script. Your task is to classify the following news article into exactly one of these four categories: World, Sports, Business, or Sci/Tech. The classification must be provided between <final_answer> </final_answer> tags to be correctly processed by our system.

Input: Bush campaigns to seize Democratic stronghold of Minnesota (AFP) AFP - US President George W. Bush launched a three-stop bus tour in this up-for-grabs state, hoping to become the first Republican White House hopeful to win Minnesota in 32 years.
Output: <final_answer> World </final_answer>

Input: ",0.6666666666666666,0.8666666666666667,0.7,0.8666666666666667,0.7,0.6,0.7666666666666667,0.6333333333333333,0.7,0.7333333333333333
"In our collection of news articles, each article needs to be assigned to one of the following categories: World, Sports, Business, or Sci/Tech. After reviewing the article below, identify its appropriate category and format your answer as <final_answer>category</final_answer> for our extraction script. Your task is to classify the following news article into exactly one of these four categories: World, Sports, Business, or Sci/Tech. The classification must be provided between <final_answer> </final_answer> tags to be correctly processed by our system. Given this news article, what category does it fall under? Select from World, Sports, Business, or Sci/Tech.



Input: ",0.6666666666666666,0.8666666666666667,0.7,0.8333333333333334,0.7333333333333333,0.6,0.7333333333333333,,,
"In our collection of news articles, each article needs to be assigned to one of the following categories: World, Sports, Business, or Sci/Tech. After reviewing the article below, identify its appropriate category and format your answer as <final_answer>category</final_answer> for our extraction script. Your task is to classify the following news article into exactly one of these four categories: World, Sports, Business, or Sci/Tech. The classification must be provided between <final_answer> </final_answer> tags to be correctly processed by our system. In our dataset of news articles, each piece must be classified into one of four categories: World, Sports, Business, or Sci/Tech. After reading the article below, determine its appropriate category and ensure you format your answer as <final_answer>category</final_answer> for our extraction script.

Input: Bush campaigns to seize Democratic stronghold of Minnesota (AFP) AFP - US President George W. Bush launched a three-stop bus tour in this up-for-grabs state, hoping to become the first Republican White House hopeful to win Minnesota in 32 years.
Output: <final_answer> World </final_answer>

Input: ",0.6666666666666666,,,,,,,,,
"In our collection of news articles, each article needs to be assigned to one of the following categories: World, Sports, Business, or Sci/Tech. After reviewing the article below, identify the appropriate category and format your answer as <final_answer> category </final_answer> for our extraction script. Determine the appropriate category for the following news article. The options are World, Sports, Business, and Sci/Tech.

Input: UPDATE: US Wine Unit Bruises Foster #39;s Annual Earnings MELBOURNE (Dow Jones)--Australian drinks company Foster #39;s Group Ltd. (FGL.AU) said Tuesday that annual net profit rose 73 as gains from the sale of its local pub assets 
Output: <final_answer> Business </final_answer>

Input: ",0.8333333333333334,0.9333333333333333,0.8333333333333334,0.8,0.7333333333333333,0.8,0.9,,,
"In our dataset of news articles, each piece must be classified into one of four categories: World, Sports, Business, or Sci/Tech. After reading the article below, determine its appropriate category and ensure you format your answer as <final_answer> category </final_answer> for our extraction script.

Input: Senate Expected to Approve Bill Overhauling Intelligence Today As debate in the G.O.P.-controlled Senate opened, the chamber's leaders predicted the bill would easily pass.
Output: <final_answer> World </final_answer>

Input: It #39;s on to LA for the Giants Bee Staff Writer. SAN DIEGO - The San Diego Padres returned the favor, and the playoff-chasing Giants gladly accepted it before a disappointed record crowd of 45,389 at Petco Park.
Output: <final_answer> Sports </final_answer>

Input: ",0.8333333333333334,0.9,0.7,0.9,0.8,0.8666666666666667,0.8,0.8333333333333334,0.8333333333333334,0.8666666666666667
"News article classification task: Categorize the following text as World, Sports, Business, or Sci/Tech. Your answer should be formatted as <final_answer> category </final_answer>.

Input: Millwall: We #39;re not to blame The FA confirmed today that they will launch an investigation into the incidents, which began late in the second half as away fans alleged Millwall supporters had made taunts about the Hillsborough disaster in 1989.
Output: <final_answer> Sports </final_answer>

Input: Rison Given Option for Release Former Pro Bowl receiver Andre Rison was given the option of paying \$10,000 to get out of jail after spending almost a month locked up for failing to pay child support.
Output: <final_answer> Sports </final_answer>

Input: N.M. Museum to Launch Names Into Space (AP) AP - The New Mexico Museum of Space History will be shipping names to the stars with the first X-Prize launch into space.
Output: <final_answer> Sci/Tech </final_answer>

Input: ",0.9,0.8666666666666667,0.7333333333333333,0.9,0.7333333333333333,0.7333333333333333,0.8666666666666667,0.7666666666666667,0.7666666666666667,0.7666666666666667
"Please read this news article carefully and assign it to one of these four categories: World, Sports, Business, or Sci/Tech. Your answer must be formatted as <final_answer> category </final_answer>.

Input: Voluntary response key to BCA grading The grade on the report card was  quot;F. quot; The University of Nevada was one of four colleges that failed to meet the standards for a football coaching search as outlined by the Black Coaches Association.
Output: <final_answer> Sports </final_answer>

Input: ",0.8,0.9,0.7666666666666667,0.8333333333333334,0.7,0.8,0.8666666666666667,0.7333333333333333,0.7666666666666667,0.7666666666666667
"Please review this news article carefully. Based on its content, assign it to the most appropriate category among World, Sports, Business, and Sci/Tech. To ensure your answer is correctly processed, place it within <final_answer> </final_answer> tags.

Input: Back to front switches blamed for space probe crash It shouldn #39;t happen to a scientist: investigators have found that the \$250m (139m) Genesis space probe, which crash-landed in the Utah desert last month, failed because the switches designed to trigger its parachute were installed backwards.
Output: <final_answer> Sci/Tech </final_answer>

Input: Natural gas giant Gazprom to participate in Russian auction of key Yukos unit (Canadian Press) Canadian Press - MOSCOW (AP) - The nascent petroleum division of natural gas giant Gazprom will bid for the crown jewels of the battered Yukos oil empire, its chief said Tuesday - a widely anticipated move that could put the heart of the company jailed billionaire Mikhail Khodorkovsky created in Kremlin-friendly hands.
Output: <final_answer> World </final_answer>

Input: Armed Militiamen Worry Sudanese Refugees (AP) AP - Armed militiamen surged into a western border area where some Darfur refugees attempted to return to their raided village, U.N. security officials said Sunday, raising further concern about how quickly 1.4 million displaced Sudanese could return home safely.
Output: <final_answer> World </final_answer>

Input: ",0.7333333333333333,0.7333333333333333,0.7,0.7666666666666667,0.7,0.8,0.7,0.7333333333333333,0.7333333333333333,0.6
"Read the following news article and determine if it belongs to World, Sports, Business, or Sci/Tech. Your classification should be placed within <final_answer> tags.

Input: UN: N. Korean Environment in Poor Shape SEOUL, South Korea - North Korea #39;s forests are depleted, its rivers and streams are filled with runoff from factories and a reliance on coal energy has created severe urban air pollution, the United Nations said Friday in its first report on the communist 
Output: <final_answer> Sci/Tech </final_answer>

Input: ",0.8333333333333334,0.9,0.7666666666666667,0.8333333333333334,0.7333333333333333,0.7666666666666667,0.8,0.7666666666666667,0.7,0.7333333333333333
"Read the following news text and determine which category it belongs to. Choose from: World, Sports, Business, or Sci/Tech. Your final answer must be enclosed in <final_answer> </final_answer> tags for automated extraction.

Input: At summit, a deal on membership talks BRUSSELS The European Union took a huge step towards its most controversial enlargement to date late Thursday night by agreeing to open membership negotiations with Turkey, although with strict conditions.
Output: <final_answer> World </final_answer>

Input: 170 miners remain trapped in coalmine gas explosion By 1 pm on Sunday, 123 miners were rescued alive after a major gas explosion took place at the Chenjiashan Coalmine, Shaanxi Province, around 7:10 am but another 170 remained trapped underground.
Output: <final_answer> World </final_answer>

Input: ",0.7,0.6666666666666666,0.5333333333333333,0.5666666666666667,0.7,0.6333333333333333,0.6333333333333333,0.6333333333333333,0.4666666666666667,0.6
"We have a collection of news articles, each needing to be categorized into one of four groups: World, Sports, Business, or Sci/Tech. For the given news article, identify the appropriate category. After reading the article below, determine its category and format your answer as <final_answer>category</final_answer> for our extraction script.



Input: ",0.8,0.8333333333333334,0.6666666666666666,0.8333333333333334,0.7333333333333333,0.5666666666666667,0.7333333333333333,0.6333333333333333,0.7,0.7
"We have a collection of news articles, each needing to be categorized into one of the following groups: World, Sports, Business, or Sci/Tech. After examining the article below, determine its appropriate category and format your answer as <final_answer>category</final_answer> for our extraction script. Your task is to classify the following news article into exactly one of these four categories: World, Sports, Business, or Sci/Tech. The classification must be provided between <final_answer> </final_answer> tags to be correctly processed by our system.

Input: Warsaw official vowstroop cuts in Iraq POLAND WASHINGTON -- The prime minister of Poland told his Parliament yesterday that he would begin reducing the number of Polish troops in Iraq in January, another blow to the US-led coalition that has lost nearly a third of its members this year. Addressing legislators before a vote of confidence, Prime Minister Marek Belka promised, ''We will not remain in ...
Output: <final_answer> World </final_answer>

Input: Senate Expected to Approve Bill Overhauling Intelligence Today As debate in the G.O.P.-controlled Senate opened, the chamber's leaders predicted the bill would easily pass.
Output: <final_answer> World </final_answer>

Input: ",0.5666666666666667,0.5,,,,,,,,
"We have a dataset of news articles that need to be sorted into one of four categories: World, Sports, Business, or Sci/Tech. For the given news article, identify the appropriate category. After reading the article below, determine its category and format your answer as <final_answer>category</final_answer> for our extraction script. I'm working on a news classification project. Could you analyze this article and determine if it falls under World, Sports, Business, or Sci/Tech? Your response should be formatted as <final_answer>category</final_answer>.

Input: 10th World Series Title Beckoning for St. Louis  NEW YORK (Reuters) - The Cardinals may be heading to their  first World Series since 1987 but there is nothing new about  post-season baseball in St. Louis.
Output: <final_answer> Sports </final_answer>

Input: ",0.6666666666666666,0.8666666666666667,0.7333333333333333,0.9,0.7333333333333333,0.6333333333333333,0.7666666666666667,,,
"You are a news categorization system. Read the article below and assign it to one of these categories: World, Sports, Business, or Sci/Tech. Format: <final_answer> category </final_answer>



Input: ",0.8,0.9333333333333333,0.7333333333333333,0.8,0.8,0.7666666666666667,0.8333333333333334,0.6666666666666666,0.7,0.8666666666666667
"You are tasked with categorizing news articles into four distinct categories: World, Sports, Business, and Sci/Tech. Analyze the provided article and determine which category it falls under. Format: <final_answer> category </final_answer>

Input: Packers #39; secondary banged up Green Bay, WI (Sports Network) - The Green Bay Packers could be without two starters in their defensive backfield for this weekend #39;s game at Washington.
Output: <final_answer> Sports </final_answer>

Input: ",0.7666666666666667,0.9666666666666667,0.7333333333333333,0.8,0.7666666666666667,0.8,0.9,,,
"You are tasked with categorizing news articles into one of four categories: World, Sports, Business, or Sci/Tech. Read the provided news article and identify its category. Your classification should be enclosed within <final_answer> tags.

Input: Back to front switches blamed for space probe crash It shouldn #39;t happen to a scientist: investigators have found that the \$250m (139m) Genesis space probe, which crash-landed in the Utah desert last month, failed because the switches designed to trigger its parachute were installed backwards.
Output: <final_answer> Sci/Tech </final_answer>

Input: UPDATE: US Wine Unit Bruises Foster #39;s Annual Earnings MELBOURNE (Dow Jones)--Australian drinks company Foster #39;s Group Ltd. (FGL.AU) said Tuesday that annual net profit rose 73 as gains from the sale of its local pub assets 
Output: <final_answer> Business </final_answer>

Input: ",0.16666666666666666,,,,,,,,,
"Your task is to categorize the following news article into exactly one of these four classes: World, Sports, Business, or Sci/Tech. The classification must be provided between <final_answer> </final_answer> tags to be properly processed by our system.

Input: Arson eyed at Dutch mosque THE HAGUE -- A mosque in the Netherlands' southeast was destroyed by fire yesterday in what seemed to be the latest suspected attack against an Islamic site since the killing of a Dutch filmmaker critical of Islamic fundamentalism.
Output: <final_answer> World </final_answer>

Input: ",0.6333333333333333,0.7333333333333333,0.6333333333333333,0.7,0.6333333333333333,0.6666666666666666,0.7333333333333333,0.8333333333333334,0.7,0.5333333333333333
"new prompt

Input: Search Engine Forums Spotlight Links to this week's topics from search engine forums across the web: New MSN Search Goes LIVE in Beta - Microsoft To Launch New Search Engine - Google Launches 'Google Advertising Professionals' - Organic vs Paid Traffic ROI? - Making Money With AdWords? - Link Building 101
Output: <final_answer> Sci/Tech </final_answer>

Input: At St. Helens, Little Lava but Plenty of Data Today scientists observe volcanoes from much greater distances and can send data across the Internet to scientists around the world.
Output: <final_answer> Sci/Tech </final_answer>

Input: ",0.5,,,,,,,,,
