step,timestamp,time_elapsed,score,prompt,input_tokens_meta_llm,output_tokens_meta_llm,input_tokens_downstream_llm,output_tokens_downstream_llm
1,2025-03-16 13:17:01.227723,935.247891,0.49,"Can you help solve this math word problem? It may take several steps. When you've figured it out, please put the final answer in <final_answer> </final_answer> tags.",2388,746,527820,1337920
1,2025-03-16 13:17:01.227723,935.247891,0.4866666666666667,Can you assist in solving this elementary school math problem that involves several logical steps? Please explain your reasoning and provide the final answer within <final_answer> tags.,2388,746,527820,1337920
1,2025-03-16 13:17:01.227723,935.247891,0.4766666666666667,Can you solve this math word problem step-by-step and provide the final answer within <final_answer> tags?,2388,746,527820,1337920
1,2025-03-16 13:17:01.227723,935.247891,0.4633333333333333,Analyze and solve the following elementary school math problem that requires multiple steps of reasoning. Your final answer must be contained within <final_answer> </final_answer> tags.,2388,746,527820,1337920
1,2025-03-16 13:17:01.227723,935.247891,0.4266666666666667,"Calculate the solution to this grade school word problem. Show your reasoning process, and don't forget to place your final answer within <final_answer> </final_answer> markers as required.",2388,746,527820,1337920
1,2025-03-16 13:17:01.227723,935.247891,0.42333333333333334,Solve this math word problem using step-by-step reasoning. Put your final answer between <final_answer> tags.,2388,746,527820,1337920
1,2025-03-16 13:17:01.227723,935.247891,0.42,Solve step-by-step. Final answer between <final_answer> tags.,2388,746,527820,1337920
1,2025-03-16 13:17:01.227723,935.247891,0.4066666666666667,Break down this word problem carefully. Remember to format the final answer within <final_answer> </final_answer> tags.,2388,746,527820,1337920
1,2025-03-16 13:17:01.227723,935.247891,0.4033333333333333,Break down and simplify this complex word problem carefully. Ensure the final answer is formatted within <final_answer> </final_answer> tags.,2388,746,527820,1337920
1,2025-03-16 13:17:01.227723,935.247891,0.38,"Tackle this elementary math problem by breaking it into logical steps. When you reach the solution, enclose the final answer with <final_answer> and </final_answer> markers for clarity.",2388,746,527820,1337920
2,2025-03-16 13:24:49.657093,468.427981,0.49,"Can you help solve this math word problem? It may take several steps. When you've figured it out, please put the final answer in <final_answer> </final_answer> tags.",2432,817,272760,704530
2,2025-03-16 13:24:49.657093,468.427981,0.4866666666666667,Can you assist in solving this elementary school math problem that involves several logical steps? Please explain your reasoning and provide the final answer within <final_answer> tags.,2432,817,272760,704530
2,2025-03-16 13:24:49.657093,468.427981,0.4766666666666667,Can you solve this math word problem step-by-step and provide the final answer within <final_answer> tags?,2432,817,272760,704530
2,2025-03-16 13:24:49.657093,468.427981,0.4633333333333333,Analyze and solve the following elementary school math problem that requires multiple steps of reasoning. Your final answer must be contained within <final_answer> </final_answer> tags.,2432,817,272760,704530
2,2025-03-16 13:24:49.657093,468.427981,0.4266666666666667,"Calculate the solution to this grade school word problem. Show your reasoning process, and don't forget to place your final answer within <final_answer> </final_answer> markers as required.",2432,817,272760,704530
2,2025-03-16 13:24:49.657093,468.427981,0.42333333333333334,Solve this math word problem using step-by-step reasoning. Put your final answer between <final_answer> tags.,2432,817,272760,704530
2,2025-03-16 13:24:49.657093,468.427981,0.42,Solve step-by-step. Final answer between <final_answer> tags.,2432,817,272760,704530
2,2025-03-16 13:24:49.657093,468.427981,0.4066666666666667,Break down this word problem carefully. Remember to format the final answer within <final_answer> </final_answer> tags.,2432,817,272760,704530
2,2025-03-16 13:24:49.657093,468.427981,0.4033333333333333,Break down and simplify this complex word problem carefully. Ensure the final answer is formatted within <final_answer> </final_answer> tags.,2432,817,272760,704530
2,2025-03-16 13:24:49.657093,468.427981,0.39,Analyze and solve the given elementary school math problem that involves multiple steps of reasoning. Make sure your final answer is contained within <final_answer> </final_answer> tags.,2432,817,272760,704530
3,2025-03-16 13:32:28.107208,458.44898,0.5,"Solve the given math word problem using step-by-step reasoning, and place your final answer between <final_answer> tags.",2339,747,261660,690017
3,2025-03-16 13:32:28.107208,458.44898,0.49,"Can you help solve this math word problem? It may take several steps. When you've figured it out, please put the final answer in <final_answer> </final_answer> tags.",2339,747,261660,690017
3,2025-03-16 13:32:28.107208,458.44898,0.4866666666666667,Can you assist in solving this elementary school math problem that involves several logical steps? Please explain your reasoning and provide the final answer within <final_answer> tags.,2339,747,261660,690017
3,2025-03-16 13:32:28.107208,458.44898,0.4766666666666667,Can you solve this math word problem step-by-step and provide the final answer within <final_answer> tags?,2339,747,261660,690017
3,2025-03-16 13:32:28.107208,458.44898,0.4633333333333333,Analyze and solve the following elementary school math problem that requires multiple steps of reasoning. Your final answer must be contained within <final_answer> </final_answer> tags.,2339,747,261660,690017
3,2025-03-16 13:32:28.107208,458.44898,0.4266666666666667,"Calculate the solution to this grade school word problem. Show your reasoning process, and don't forget to place your final answer within <final_answer> </final_answer> markers as required.",2339,747,261660,690017
3,2025-03-16 13:32:28.107208,458.44898,0.42333333333333334,Solve this math word problem using step-by-step reasoning. Put your final answer between <final_answer> tags.,2339,747,261660,690017
3,2025-03-16 13:32:28.107208,458.44898,0.42,Solve step-by-step. Final answer between <final_answer> tags.,2339,747,261660,690017
3,2025-03-16 13:32:28.107208,458.44898,0.41333333333333333,Break down and simplify this complex math word problem step-by-step while maintaining its essence. Ensure the final answer is formatted within <final_answer> tags.,2339,747,261660,690017
3,2025-03-16 13:32:28.107208,458.44898,0.4066666666666667,Break down this word problem carefully. Remember to format the final answer within <final_answer> </final_answer> tags.,2339,747,261660,690017
